Accuracy,Precision,Recall,F1-Score,Balanced Accuracy
0.8722492067677807,0.873114125576244,0.8722492067677807,0.8703598029772638,0.7525057730626682
